id	volume	entry_type	title	date_label	candidate_count	reviewed_statements	status	first_pass_summary
MX1-001	1	main_work	中国社会各阶级的分析	一九二五年十二月一日	78	0	full_corpus_retrieval_first_pass_only	基线与候选定位已登记；尚未形成逐条来源记载摘要。
MX1-002	1	main_work	湖南农民运动考察报告	一九二七年三月	111	0	full_corpus_retrieval_first_pass_only	基线与候选定位已登记；尚未形成逐条来源记载摘要。
MX1-003	1	main_work	中国的红色政权为什么能够存在？	一九二八年十月五日	49	1	source_records_with_open_verification_items	《中国的红色政权为什么能够存在？》题注称，该篇是《政治问题和边界党的任务》决议的一部分。
MX1-004	1	main_work	井冈山的斗争	一九二八年十一月二十五日	63	0	full_corpus_retrieval_first_pass_only	基线与候选定位已登记；尚未形成逐条来源记载摘要。
MX1-005	1	main_work	关于纠正党内的错误思想	一九二九年十二月	54	1	source_records_with_open_verification_items	《关于纠正党内的错误思想》题注称，该篇是红四军第九次党代会决议的第一部分。
MX1-006	1	main_work	星星之火，可以燎原	一九三○年一月五日	51	2	source_records_with_open_verification_items	《星星之火，可以燎原》题注称，该篇原为给林彪的信；题注记有1948年不公开姓名的请求，以及收入选集第一版时改题并删改指名批评之处的情况；《毛泽东年谱》1948年2月12日条载，毛泽东批示这封给林彪的信不要出版，并要求审阅所拟文集，暂缓东北局印行和翻译。
MX1-007	1	main_work	反对本本主义	一九三○年五月	155	2	source_records_with_open_verification_items	《毛泽东年谱》1961年3月11日条载，《调查工作》经文字修改后改题《关于调查工作》并印发；同条编者说明称，1964年收入《毛泽东著作选读》时改题《反对本本主义》，署为1930年5月；《毛泽东选集》1991年第二版出版说明将《反对本本主义》列为增收篇目，并称该文曾散失、六十年代初重新找到，经作者审定，于1964年公开发表。
MX1-008	1	main_work	必须注意经济工作	一九三三年八月十二日	27	0	full_corpus_retrieval_first_pass_only	基线与候选定位已登记；尚未形成逐条来源记载摘要。
MX1-009	1	main_work	怎样分析农村阶级	一九三三年十月	26	0	full_corpus_retrieval_first_pass_only	基线与候选定位已登记；尚未形成逐条来源记载摘要。
MX1-010	1	main_work	我们的经济政策	一九三四年一月	29	0	full_corpus_retrieval_first_pass_only	基线与候选定位已登记；尚未形成逐条来源记载摘要。
MX1-011	1	main_work	关心群众生活，注意工作方法	一九三四年一月二十七日	34	0	full_corpus_retrieval_first_pass_only	基线与候选定位已登记；尚未形成逐条来源记载摘要。
MX1-012	1	main_work	论反对日本帝国主义的策略	一九三五年十二月二十七日	202	0	full_corpus_retrieval_first_pass_only	基线与候选定位已登记；尚未形成逐条来源记载摘要。
MX1-013	1	main_work	中国革命战争的战略问题	一九三六年十二月	274	1	source_records_with_open_verification_items	《中国革命战争的战略问题》题注转述作者说明，已写成五章，原拟续写的战略进攻、政治工作等部分因西安事变发生而搁笔。
MX1-014	1	main_work	关于蒋介石声明的声明	一九三六年十二月二十八日	44	0	full_corpus_retrieval_first_pass_only	基线与候选定位已登记；尚未形成逐条来源记载摘要。
MX1-015	1	main_work	中国共产党在抗日时期的任务	一九三七年五月三日	75	0	full_corpus_retrieval_first_pass_only	基线与候选定位已登记；尚未形成逐条来源记载摘要。
MX1-016	1	main_work	为争取千百万群众进入抗日民族统一战线而斗争	一九三七年五月八日	44	0	full_corpus_retrieval_first_pass_only	基线与候选定位已登记；尚未形成逐条来源记载摘要。
MX1-017	1	main_work	实践论	一九三七年七月	154	1	source_records_with_open_verification_items	《毛泽东年谱》1951年3月27日条转引致李达信，称《实践论》中将太平天国放在排外主义中一起说不妥，拟在出选集时修改；同页编者注称，第1卷出版时尚未按该意见修改。
MX1-018	1	main_work	矛盾论	一九三七年八月	169	1	source_records_with_open_verification_items	《矛盾论》题注称，收入选集第一版时，作者作了部分补充、删节和修改。
MX2-001	2	main_work	反对日本进攻的方针、办法和前途	一九三七年七月二十三日	26	0	full_corpus_retrieval_first_pass_only	基线与候选定位已登记；尚未形成逐条来源记载摘要。
MX2-002	2	main_work	为动员一切力量争取抗战胜利而斗争	一九三七年八月二十五日	37	0	full_corpus_retrieval_first_pass_only	基线与候选定位已登记；尚未形成逐条来源记载摘要。
MX2-003	2	main_work	反对自由主义	一九三七年九月七日	42	0	full_corpus_retrieval_first_pass_only	基线与候选定位已登记；尚未形成逐条来源记载摘要。
MX2-004	2	main_work	国共合作成立后的迫切任务	一九三七年九月二十九日	27	0	full_corpus_retrieval_first_pass_only	基线与候选定位已登记；尚未形成逐条来源记载摘要。
MX2-005	2	main_work	和英国记者贝特兰的谈话	一九三七年十月二十五日	29	0	full_corpus_retrieval_first_pass_only	基线与候选定位已登记；尚未形成逐条来源记载摘要。
MX2-006	2	main_work	上海太原失陷以后抗日战争的形势和任务	一九三七年十一月十二日	26	0	full_corpus_retrieval_first_pass_only	基线与候选定位已登记；尚未形成逐条来源记载摘要。
MX2-007	2	main_work	陕甘宁边区政府、第八路军后方留守处布告	一九三八年五月十五日	26	0	full_corpus_retrieval_first_pass_only	基线与候选定位已登记；尚未形成逐条来源记载摘要。
MX2-008	2	main_work	抗日游击战争的战略问题	一九三八年五月	97	0	full_corpus_retrieval_first_pass_only	基线与候选定位已登记；尚未形成逐条来源记载摘要。
MX2-009	2	main_work	论持久战	一九三八年五月	222	1	source_records_with_open_verification_items	《论持久战》题注所载讲演日期为1938年5月26日至6月3日；篇下日期标签为1938年5月。
MX2-010	2	main_work	中国共产党在民族战争中的地位	一九三八年十月十四日	144	1	source_records_with_open_verification_items	《中国共产党在民族战争中的地位》题注称，该篇是《论新阶段》政治报告的一部分，报告于1938年10月12日至14日作，该部分于14日讲述。
MX2-011	2	main_work	统一战线中的独立自主问题	一九三八年十一月五日	17	1	source_records_with_open_verification_items	《统一战线中的独立自主问题》和《战争和战略问题》的题注分别称，两篇是六届六中全会结论的一部分，讲述日期分别为1938年11月5日和6日。
MX2-012	2	main_work	战争和战略问题	一九三八年十一月六日	65	2	source_records_with_open_verification_items	《统一战线中的独立自主问题》和《战争和战略问题》的题注分别称，两篇是六届六中全会结论的一部分，讲述日期分别为1938年11月5日和6日；《毛泽东年谱》1954年8月13日条记有英国共产党方面提出的英译本删段请求：拟删《战争和战略问题》第一节前两个自然段；同条所载中方复信不同意该请求。
MX2-013	2	main_work	五四运动	一九三九年五月一日	276	0	full_corpus_retrieval_first_pass_only	基线与候选定位已登记；尚未形成逐条来源记载摘要。
MX2-014	2	main_work	青年运动的方向	一九三九年五月四日	28	0	full_corpus_retrieval_first_pass_only	基线与候选定位已登记；尚未形成逐条来源记载摘要。
MX2-015	2	main_work	反对投降活动	一九三九年六月三十日	32	0	full_corpus_retrieval_first_pass_only	基线与候选定位已登记；尚未形成逐条来源记载摘要。
MX2-016	2	main_work	必须制裁反动派	一九三九年八月一日	33	0	full_corpus_retrieval_first_pass_only	基线与候选定位已登记；尚未形成逐条来源记载摘要。
MX2-017	2	main_work	关于国际新形势对新华日报记者的谈话	一九三九年九月一日	17	0	full_corpus_retrieval_first_pass_only	基线与候选定位已登记；尚未形成逐条来源记载摘要。
MX2-018	2	main_work	和中央社、扫荡报、新民报三记者的谈话	一九三九年九月十六日	28	0	full_corpus_retrieval_first_pass_only	基线与候选定位已登记；尚未形成逐条来源记载摘要。
MX2-019	2	main_work	苏联利益和人类利益的一致	一九三九年九月二十八日	15	0	full_corpus_retrieval_first_pass_only	基线与候选定位已登记；尚未形成逐条来源记载摘要。
MX2-020	2	main_work	《共产党人》发刊词	一九三九年十月四日	43	0	full_corpus_retrieval_first_pass_only	基线与候选定位已登记；尚未形成逐条来源记载摘要。
MX2-021	2	main_work	目前形势和党的任务	一九三九年十月十日	13	0	full_corpus_retrieval_first_pass_only	基线与候选定位已登记；尚未形成逐条来源记载摘要。
MX2-022	2	main_work	大量吸收知识分子	一九三九年十二月一日	22	0	full_corpus_retrieval_first_pass_only	基线与候选定位已登记；尚未形成逐条来源记载摘要。
MX2-023	2	main_work	中国革命和中国共产党	一九三九年十二月	143	3	source_records_with_open_verification_items	《中国革命和中国共产党》题注称，第一章由其他同志起草、毛泽东修改，第二章由毛泽东写，原拟第三章因承担写作的人没有完成而停止；《毛泽东年谱》称，1940年反对第一次反共高潮结束后，《中国革命和中国共产党》第二章第四节加写三段，分别区分大资产阶级与民族资产阶级、亲日派与英美派大资产阶级、大地主与中小地主及开明绅士；MIA所录《毛选》注释[34]和[34a]转引致萧向荣信，记有早先不易辨别不同阶层态度、至1940年3月看得更清楚的说明，并述及第二章的相应修改。
MX2-024	2	main_work	斯大林是中国人民的朋友	一九三九年十二月二十日	15	0	full_corpus_retrieval_first_pass_only	基线与候选定位已登记；尚未形成逐条来源记载摘要。
MX2-025	2	main_work	纪念白求恩	一九三九年十二月二十一日	27	0	full_corpus_retrieval_first_pass_only	基线与候选定位已登记；尚未形成逐条来源记载摘要。
MX2-026	2	main_work	新民主主义论	一九四○年一月	217	2	source_records_with_open_verification_items	《新民主主义论》题注记载原题为《新民主主义的政治与新民主主义的文化》，1940年2月15日刊于《中国文化》，2月20日刊于《解放》时改为现题；《毛泽东年谱》1966年文艺座谈会纪要修订条，记述纪要中引用四篇著作及相关措辞的修改；该条所列被修改文件为纪要。
MX2-027	2	main_work	克服投降危险，力争时局好转	一九四○年一月二十八日	16	0	full_corpus_retrieval_first_pass_only	基线与候选定位已登记；尚未形成逐条来源记载摘要。
MX2-028	2	main_work	团结一切抗日力量，反对反共顽固派	一九四○年二月一日	31	0	full_corpus_retrieval_first_pass_only	基线与候选定位已登记；尚未形成逐条来源记载摘要。
MX2-029	2	main_work	向国民党的十点要求	一九四○年二月一日	25	1	source_records_with_open_verification_items	《向国民党的十点要求》题注称，该文是为延安民众讨汪大会起草的通电。
MX2-030	2	main_work	《中国工人》发刊词	一九四○年二月七日	11	0	full_corpus_retrieval_first_pass_only	基线与候选定位已登记；尚未形成逐条来源记载摘要。
MX2-031	2	main_work	必须强调团结和进步	一九四○年二月七日	10	0	full_corpus_retrieval_first_pass_only	基线与候选定位已登记；尚未形成逐条来源记载摘要。
MX2-032	2	main_work	新民主主义的宪政	一九四○年二月二十日	38	0	full_corpus_retrieval_first_pass_only	基线与候选定位已登记；尚未形成逐条来源记载摘要。
MX2-033	2	main_work	抗日根据地的政权问题	一九四○年三月六日	15	0	full_corpus_retrieval_first_pass_only	基线与候选定位已登记；尚未形成逐条来源记载摘要。
MX2-034	2	main_work	目前抗日统一战线中的策略问题	一九四○年三月十一日	31	0	full_corpus_retrieval_first_pass_only	基线与候选定位已登记；尚未形成逐条来源记载摘要。
MX2-035	2	main_work	放手发展抗日力量，抵抗反共顽固派的进攻	一九四○年五月四日	19	0	full_corpus_retrieval_first_pass_only	基线与候选定位已登记；尚未形成逐条来源记载摘要。
MX2-036	2	main_work	团结到底	一九四○年七月五日	36	0	full_corpus_retrieval_first_pass_only	基线与候选定位已登记；尚未形成逐条来源记载摘要。
MX2-037	2	main_work	论政策	一九四○年十二月二十五日	83	0	full_corpus_retrieval_first_pass_only	基线与候选定位已登记；尚未形成逐条来源记载摘要。
MX2-038	2	main_work	为皖南事变发表的命令和谈话	一九四一年一月二十日	18	0	full_corpus_retrieval_first_pass_only	基线与候选定位已登记；尚未形成逐条来源记载摘要。
MX2-039	2	main_work	打退第二次反共高潮后的时局	一九四一年三月十八日	16	0	full_corpus_retrieval_first_pass_only	基线与候选定位已登记；尚未形成逐条来源记载摘要。
MX2-040	2	main_work	关于打退第二次反共高潮的总结	一九四一年五月八日	23	0	full_corpus_retrieval_first_pass_only	基线与候选定位已登记；尚未形成逐条来源记载摘要。
MX3-001	3	main_work	《农村调查》的序言和跋	一九四一年三月、四月	22	0	full_corpus_retrieval_first_pass_only	基线与候选定位已登记；尚未形成逐条来源记载摘要。
MX3-002	3	main_work	改造我们的学习	一九四一年五月十九日	41	0	full_corpus_retrieval_first_pass_only	基线与候选定位已登记；尚未形成逐条来源记载摘要。
MX3-003	3	main_work	揭破远东慕尼黑的阴谋	一九四一年五月二十五日	13	0	full_corpus_retrieval_first_pass_only	基线与候选定位已登记；尚未形成逐条来源记载摘要。
MX3-004	3	main_work	关于反法西斯的国际统一战线	一九四一年六月二十三日	10	0	full_corpus_retrieval_first_pass_only	基线与候选定位已登记；尚未形成逐条来源记载摘要。
MX3-005	3	main_work	在陕甘宁边区参议会的演说	一九四一年十一月六日	27	0	full_corpus_retrieval_first_pass_only	基线与候选定位已登记；尚未形成逐条来源记载摘要。
MX3-006	3	main_work	整顿党的作风	一九四二年二月一日	69	0	full_corpus_retrieval_first_pass_only	基线与候选定位已登记；尚未形成逐条来源记载摘要。
MX3-007	3	main_work	反对党八股	一九四二年二月八日	88	0	full_corpus_retrieval_first_pass_only	基线与候选定位已登记；尚未形成逐条来源记载摘要。
MX3-008	3	main_work	在延安文艺座谈会上的讲话	一九四二年五月	130	2	source_records_with_open_verification_items	《在延安文艺座谈会上的讲话》的选集基线列有引言和结论。《毛泽东年谱》记载，1943年10月19日《解放日报》发表1942年5月的讲话，20日中央总学委通知组织学习；《毛泽东年谱》1966年文艺座谈会纪要修订条，记述纪要中引用四篇著作及相关措辞的修改；该条所列被修改文件为纪要。
MX3-009	3	main_work	一个极其重要的政策	一九四二年九月七日	32	0	full_corpus_retrieval_first_pass_only	基线与候选定位已登记；尚未形成逐条来源记载摘要。
MX3-010	3	main_work	第二次世界大战的转折点	一九四二年十月十二日	22	0	full_corpus_retrieval_first_pass_only	基线与候选定位已登记；尚未形成逐条来源记载摘要。
MX3-011	3	main_work	祝十月革命二十五周年	一九四二年十一月六日	10	0	full_corpus_retrieval_first_pass_only	基线与候选定位已登记；尚未形成逐条来源记载摘要。
MX3-012	3	main_work	抗日时期的经济问题和财政问题	一九四二年十二月	148	1	source_records_with_open_verification_items	《抗日时期的经济问题和财政问题》题注称，该篇是《经济问题与财政问题》报告的第一章，原章名为《关于过去工作的基本总结》。
MX3-013	3	main_work	关于领导方法的若干问题	一九四三年六月一日	29	0	full_corpus_retrieval_first_pass_only	基线与候选定位已登记；尚未形成逐条来源记载摘要。
MX3-014	3	main_work	质问国民党	一九四三年七月十二日	27	0	full_corpus_retrieval_first_pass_only	基线与候选定位已登记；尚未形成逐条来源记载摘要。
MX3-015	3	main_work	开展根据地的减租、生产和拥政爱民运动	一九四三年十月一日	25	0	full_corpus_retrieval_first_pass_only	基线与候选定位已登记；尚未形成逐条来源记载摘要。
MX3-016	3	main_work	评国民党十一中全会和三届二次国民参政会	一九四三年十月五日	35	0	full_corpus_retrieval_first_pass_only	基线与候选定位已登记；尚未形成逐条来源记载摘要。
MX3-017	3	main_work	组织起来	一九四三年十一月二十九日	450	0	full_corpus_retrieval_first_pass_only	基线与候选定位已登记；尚未形成逐条来源记载摘要。
MX3-018	3	main_work	学习和时局	一九四四年四月十二日	56	0	full_corpus_retrieval_first_pass_only	基线与候选定位已登记；尚未形成逐条来源记载摘要。
MX3-019	3	appendix	附录：关于若干历史问题的决议	一九四五年四月二十日	83	1	source_records_with_open_verification_items	《毛泽东选集》第三卷将《关于若干历史问题的决议》标为附录，并注明1945年4月20日六届七中全会通过。
MX3-020	3	main_work	为人民服务	一九四四年九月八日	257	0	full_corpus_retrieval_first_pass_only	基线与候选定位已登记；尚未形成逐条来源记载摘要。
MX3-021	3	main_work	评蒋介石在双十节的演说	一九四四年十月十一日	11	0	full_corpus_retrieval_first_pass_only	基线与候选定位已登记；尚未形成逐条来源记载摘要。
MX3-022	3	main_work	文化工作中的统一战线	一九四四年十月三十日	19	0	full_corpus_retrieval_first_pass_only	基线与候选定位已登记；尚未形成逐条来源记载摘要。
MX3-023	3	main_work	必须学会做经济工作	一九四五年一月十日	22	0	full_corpus_retrieval_first_pass_only	基线与候选定位已登记；尚未形成逐条来源记载摘要。
MX3-024	3	main_work	游击区也能够进行生产	一九四五年一月三十一日	13	0	full_corpus_retrieval_first_pass_only	基线与候选定位已登记；尚未形成逐条来源记载摘要。
MX3-025	3	main_work	两个中国之命运	一九四五年四月二十三日	17	0	full_corpus_retrieval_first_pass_only	基线与候选定位已登记；尚未形成逐条来源记载摘要。
MX3-026	3	main_work	论联合政府	一九四五年四月二十四日	244	0	full_corpus_retrieval_first_pass_only	基线与候选定位已登记；尚未形成逐条来源记载摘要。
MX3-027	3	main_work	愚公移山	一九四五年六月十一日	43	0	full_corpus_retrieval_first_pass_only	基线与候选定位已登记；尚未形成逐条来源记载摘要。
MX3-028	3	main_work	论军队生产自给，兼论整风和生产两大运动的重要性	一九四五年四月二十七日	19	0	full_corpus_retrieval_first_pass_only	基线与候选定位已登记；尚未形成逐条来源记载摘要。
MX3-029	3	main_work	赫尔利和蒋介石的双簧已经破产	一九四五年七月十日	13	0	full_corpus_retrieval_first_pass_only	基线与候选定位已登记；尚未形成逐条来源记载摘要。
MX3-030	3	main_work	评赫尔利政策的危险	一九四五年七月十二日	13	0	full_corpus_retrieval_first_pass_only	基线与候选定位已登记；尚未形成逐条来源记载摘要。
MX3-031	3	main_work	给福斯特同志的电报	一九四五年七月二十九日	8	0	full_corpus_retrieval_first_pass_only	基线与候选定位已登记；尚未形成逐条来源记载摘要。
MX3-032	3	main_work	对日寇的最后一战	一九四五年八月九日	11	0	full_corpus_retrieval_first_pass_only	基线与候选定位已登记；尚未形成逐条来源记载摘要。
MX4-001	4	main_work	抗日战争胜利后的时局和我们的方针	一九四五年八月十三日	50	0	full_corpus_retrieval_first_pass_only	基线与候选定位已登记；尚未形成逐条来源记载摘要。
MX4-002	4	main_work	蒋介石在挑动内战	一九四五年八月十三日	20	0	full_corpus_retrieval_first_pass_only	基线与候选定位已登记；尚未形成逐条来源记载摘要。
MX4-003	4	main_work	第十八集团军总司令给蒋介石的两个电报	一九四五年八月	18	1	source_records_with_open_verification_items	《第十八集团军总司令给蒋介石的两个电报》题注称，两份电报由毛泽东为第十八集团军总司令写。
MX4-004	4	main_work	评蒋介石发言人谈话	一九四五年八月十六日	17	0	full_corpus_retrieval_first_pass_only	基线与候选定位已登记；尚未形成逐条来源记载摘要。
MX4-005	4	main_work	中共中央关于同国民党进行和平谈判的通知	一九四五年八月二十六日	14	0	full_corpus_retrieval_first_pass_only	基线与候选定位已登记；尚未形成逐条来源记载摘要。
MX4-006	4	main_work	关于重庆谈判	一九四五年十月十七日	43	0	full_corpus_retrieval_first_pass_only	基线与候选定位已登记；尚未形成逐条来源记载摘要。
MX4-007	4	main_work	国民党进攻的真相	一九四五年十一月五日	15	0	full_corpus_retrieval_first_pass_only	基线与候选定位已登记；尚未形成逐条来源记载摘要。
MX4-008	4	main_work	减租和生产是保卫解放区的两件大事	一九四五年十一月七日	18	0	full_corpus_retrieval_first_pass_only	基线与候选定位已登记；尚未形成逐条来源记载摘要。
MX4-009	4	main_work	一九四六年解放区工作的方针	一九四五年十二月十五日	23	0	full_corpus_retrieval_first_pass_only	基线与候选定位已登记；尚未形成逐条来源记载摘要。
MX4-010	4	main_work	建立巩固的东北根据地	一九四五年十二月二十八日	16	0	full_corpus_retrieval_first_pass_only	基线与候选定位已登记；尚未形成逐条来源记载摘要。
MX4-011	4	main_work	关于目前国际形势的几点估计	一九四六年四月	20	0	full_corpus_retrieval_first_pass_only	基线与候选定位已登记；尚未形成逐条来源记载摘要。
MX4-012	4	main_work	以自卫战争粉碎蒋介石的进攻	一九四六年七月二十日	45	0	full_corpus_retrieval_first_pass_only	基线与候选定位已登记；尚未形成逐条来源记载摘要。
MX4-013	4	main_work	和美国记者安娜·路易斯·斯特朗的谈话	一九四六年八月六日	15	0	full_corpus_retrieval_first_pass_only	基线与候选定位已登记；尚未形成逐条来源记载摘要。
MX4-014	4	main_work	集中优势兵力，各个歼灭敌人	一九四六年九月十六日	23	0	full_corpus_retrieval_first_pass_only	基线与候选定位已登记；尚未形成逐条来源记载摘要。
MX4-015	4	main_work	美国“调解”真相和中国内战前途	一九四六年九月二十九日	26	0	full_corpus_retrieval_first_pass_only	基线与候选定位已登记；尚未形成逐条来源记载摘要。
MX4-016	4	main_work	三个月总结	一九四六年十月一日	27	0	full_corpus_retrieval_first_pass_only	基线与候选定位已登记；尚未形成逐条来源记载摘要。
MX4-017	4	main_work	迎接中国革命的新高潮	一九四七年二月一日	35	0	full_corpus_retrieval_first_pass_only	基线与候选定位已登记；尚未形成逐条来源记载摘要。
MX4-018	4	main_work	中共中央关于暂时放弃延安和保卫陕甘宁边区的两个文件	一九四六年十一月、一九四七年四月	13	1	source_records_with_open_verification_items	《中共中央关于暂时放弃延安和保卫陕甘宁边区的两个文件》在选集中合列两份文件，篇下注有不同日期；题注记述各自写作地点以及敌军占领延安前后的情况。
MX4-019	4	main_work	关于西北战场的作战方针	一九四七年四月十五日	17	0	full_corpus_retrieval_first_pass_only	基线与候选定位已登记；尚未形成逐条来源记载摘要。
MX4-020	4	main_work	蒋介石政府已处在全民的包围中	一九四七年五月三十日	16	0	full_corpus_retrieval_first_pass_only	基线与候选定位已登记；尚未形成逐条来源记载摘要。
MX4-021	4	main_work	解放战争第二年的战略方针	一九四七年九月一日	18	0	full_corpus_retrieval_first_pass_only	基线与候选定位已登记；尚未形成逐条来源记载摘要。
MX4-022	4	main_work	中国人民解放军宣言	一九四七年十月十日	36	0	full_corpus_retrieval_first_pass_only	基线与候选定位已登记；尚未形成逐条来源记载摘要。
MX4-023	4	main_work	中国人民解放军总部关于重行颁布三大纪律八项注意的训令	一九四七年十月十日	15	0	full_corpus_retrieval_first_pass_only	基线与候选定位已登记；尚未形成逐条来源记载摘要。
MX4-024	4	main_work	目前形势和我们的任务	一九四七年十二月二十五日	117	0	full_corpus_retrieval_first_pass_only	基线与候选定位已登记；尚未形成逐条来源记载摘要。
MX4-025	4	main_work	关于建立报告制度	一九四八年一月七日	15	0	full_corpus_retrieval_first_pass_only	基线与候选定位已登记；尚未形成逐条来源记载摘要。
MX4-026	4	main_work	关于目前党的政策中的几个重要问题	一九四八年一月十八日	36	0	full_corpus_retrieval_first_pass_only	基线与候选定位已登记；尚未形成逐条来源记载摘要。
MX4-027	4	main_work	军队内部的民主运动	一九四八年一月三十日	15	0	full_corpus_retrieval_first_pass_only	基线与候选定位已登记；尚未形成逐条来源记载摘要。
MX4-028	4	main_work	在不同地区实施土地法的不同策略	一九四八年二月三日	11	0	full_corpus_retrieval_first_pass_only	基线与候选定位已登记；尚未形成逐条来源记载摘要。
MX4-029	4	main_work	纠正土地改革宣传中的“左”倾错误	一九四八年二月十一日	17	0	full_corpus_retrieval_first_pass_only	基线与候选定位已登记；尚未形成逐条来源记载摘要。
MX4-030	4	main_work	新解放区土地改革要点	一九四八年二月十五日	15	0	full_corpus_retrieval_first_pass_only	基线与候选定位已登记；尚未形成逐条来源记载摘要。
MX4-031	4	main_work	关于工商业政策	一九四八年二月二十七日	17	0	full_corpus_retrieval_first_pass_only	基线与候选定位已登记；尚未形成逐条来源记载摘要。
MX4-032	4	main_work	关于民族资产阶级和开明绅士问题	一九四八年三月一日	19	0	full_corpus_retrieval_first_pass_only	基线与候选定位已登记；尚未形成逐条来源记载摘要。
MX4-033	4	main_work	评西北大捷兼论解放军的新式整军运动	一九四八年三月七日	21	0	full_corpus_retrieval_first_pass_only	基线与候选定位已登记；尚未形成逐条来源记载摘要。
MX4-034	4	main_work	关于情况的通报	一九四八年三月二十日	22	0	full_corpus_retrieval_first_pass_only	基线与候选定位已登记；尚未形成逐条来源记载摘要。
MX4-035	4	main_work	在晋绥干部会议上的讲话	一九四八年四月一日	53	0	full_corpus_retrieval_first_pass_only	基线与候选定位已登记；尚未形成逐条来源记载摘要。
MX4-036	4	main_work	对晋绥日报编辑人员的谈话	一九四八年四月二日	24	0	full_corpus_retrieval_first_pass_only	基线与候选定位已登记；尚未形成逐条来源记载摘要。
MX4-037	4	main_work	再克洛阳后给洛阳前线指挥部的电报	一九四八年四月八日	15	0	full_corpus_retrieval_first_pass_only	基线与候选定位已登记；尚未形成逐条来源记载摘要。
MX4-038	4	main_work	新解放区农村工作的策略问题	一九四八年五月二十四日	12	0	full_corpus_retrieval_first_pass_only	基线与候选定位已登记；尚未形成逐条来源记载摘要。
MX4-039	4	main_work	一九四八年的土地改革工作和整党工作	一九四八年五月二十五日	23	0	full_corpus_retrieval_first_pass_only	基线与候选定位已登记；尚未形成逐条来源记载摘要。
MX4-040	4	main_work	关于辽沈战役的作战方针	一九四八年九月、十月	19	1	source_records_with_open_verification_items	《关于辽沈战役的作战方针》的选集文本列有电报分项，首个小标题为“九月七日的电报”。
MX4-041	4	main_work	关于健全党委制	一九四八年九月二十日	15	0	full_corpus_retrieval_first_pass_only	基线与候选定位已登记；尚未形成逐条来源记载摘要。
MX4-042	4	main_work	中共中央关于九月会议的通知	一九四八年十月十日	33	0	full_corpus_retrieval_first_pass_only	基线与候选定位已登记；尚未形成逐条来源记载摘要。
MX4-043	4	main_work	关于淮海战役的作战方针	一九四八年十月十一日	24	0	full_corpus_retrieval_first_pass_only	基线与候选定位已登记；尚未形成逐条来源记载摘要。
MX4-044	4	main_work	全世界革命力量团结起来，反对帝国主义的侵略	一九四八年十一月	26	0	full_corpus_retrieval_first_pass_only	基线与候选定位已登记；尚未形成逐条来源记载摘要。
MX4-045	4	main_work	中国军事形势的重大变化	一九四八年十一月十四日	17	0	full_corpus_retrieval_first_pass_only	基线与候选定位已登记；尚未形成逐条来源记载摘要。
MX4-046	4	main_work	关于平津战役的作战方针	一九四八年十二月十一日	17	0	full_corpus_retrieval_first_pass_only	基线与候选定位已登记；尚未形成逐条来源记载摘要。
MX4-047	4	main_work	敦促杜聿明等投降书	一九四八年十二月十七日	11	0	full_corpus_retrieval_first_pass_only	基线与候选定位已登记；尚未形成逐条来源记载摘要。
MX4-048	4	main_work	将革命进行到底	一九四八年十二月三十日	46	0	full_corpus_retrieval_first_pass_only	基线与候选定位已登记；尚未形成逐条来源记载摘要。
MX4-049	4	main_work	评战犯求和	一九四九年一月四日	15	0	full_corpus_retrieval_first_pass_only	基线与候选定位已登记；尚未形成逐条来源记载摘要。
MX4-050	4	main_work	中共中央毛泽东主席关于时局的声明	一九四九年一月十四日	31	0	full_corpus_retrieval_first_pass_only	基线与候选定位已登记；尚未形成逐条来源记载摘要。
MX4-051	4	main_work	中共发言人评南京行政院的决议	一九四九年一月二十一日	13	0	full_corpus_retrieval_first_pass_only	基线与候选定位已登记；尚未形成逐条来源记载摘要。
MX4-052	4	main_work	中共发言人关于命令国民党反动政府重新逮捕前日本侵华军总司令冈村宁次和逮捕国民党内战罪犯的谈话	一九四九年一月二十八日	16	0	full_corpus_retrieval_first_pass_only	基线与候选定位已登记；尚未形成逐条来源记载摘要。
MX4-053	4	main_work	中共发言人关于和平条件必须包括惩办日本战犯和国民党战犯的声明	一九四九年二月五日	9	0	full_corpus_retrieval_first_pass_only	基线与候选定位已登记；尚未形成逐条来源记载摘要。
MX4-054	4	main_work	把军队变为工作队	一九四九年二月八日	13	0	full_corpus_retrieval_first_pass_only	基线与候选定位已登记；尚未形成逐条来源记载摘要。
MX4-055	4	main_work	四分五裂的反动派为什么还要空喊“全面和平”？	一九四九年二月十五日	15	0	full_corpus_retrieval_first_pass_only	基线与候选定位已登记；尚未形成逐条来源记载摘要。
MX4-056	4	main_work	国民党反动派由“呼吁和平”变为呼吁战争	一九四九年二月十六日	13	0	full_corpus_retrieval_first_pass_only	基线与候选定位已登记；尚未形成逐条来源记载摘要。
MX4-057	4	main_work	评国民党对战争责任问题的几种答案	一九四九年二月十八日	14	0	full_corpus_retrieval_first_pass_only	基线与候选定位已登记；尚未形成逐条来源记载摘要。
MX4-058	4	main_work	在中国共产党第七届中央委员会第二次全体会议上的报告	一九四九年三月五日	57	0	full_corpus_retrieval_first_pass_only	基线与候选定位已登记；尚未形成逐条来源记载摘要。
MX4-059	4	main_work	党委会的工作方法	一九四九年三月十三日	28	1	source_records_with_open_verification_items	《党委会的工作方法》题注称，该篇是七届二中全会结论的一部分。
MX4-060	4	main_work	南京政府向何处去？	一九四九年四月四日	18	0	full_corpus_retrieval_first_pass_only	基线与候选定位已登记；尚未形成逐条来源记载摘要。
MX4-061	4	main_work	向全国进军的命令	一九四九年四月二十一日	21	0	full_corpus_retrieval_first_pass_only	基线与候选定位已登记；尚未形成逐条来源记载摘要。
MX4-062	4	main_work	中国人民解放军布告	一九四九年四月二十五日	18	0	full_corpus_retrieval_first_pass_only	基线与候选定位已登记；尚未形成逐条来源记载摘要。
MX4-063	4	main_work	中国人民解放军总部发言人为英国军舰暴行发表的声明	一九四九年四月三十日	10	0	full_corpus_retrieval_first_pass_only	基线与候选定位已登记；尚未形成逐条来源记载摘要。
MX4-064	4	main_work	在新政治协商会议筹备会上的讲话	一九四九年六月十五日	22	0	full_corpus_retrieval_first_pass_only	基线与候选定位已登记；尚未形成逐条来源记载摘要。
MX4-065	4	main_work	论人民民主专政	一九四九年六月三十日	86	0	full_corpus_retrieval_first_pass_only	基线与候选定位已登记；尚未形成逐条来源记载摘要。
MX4-066	4	main_work	丢掉幻想，准备斗争	一九四九年八月十四日	33	1	source_records_with_open_verification_items	《丢掉幻想，准备斗争》题注将该篇及其后四篇列为毛泽东为新华社写的评论，评论对象为美国国务院白皮书和艾奇逊的信。
MX4-067	4	main_work	别了，司徒雷登	一九四九年八月十八日	35	1	source_records_with_open_verification_items	《丢掉幻想，准备斗争》题注将该篇及其后四篇列为毛泽东为新华社写的评论，评论对象为美国国务院白皮书和艾奇逊的信。
MX4-068	4	main_work	为什么要讨论白皮书？	一九四九年八月二十八日	20	1	source_records_with_open_verification_items	《丢掉幻想，准备斗争》题注将该篇及其后四篇列为毛泽东为新华社写的评论，评论对象为美国国务院白皮书和艾奇逊的信。
MX4-069	4	main_work	“友谊”，还是侵略？	一九四九年八月三十日	15	1	source_records_with_open_verification_items	《丢掉幻想，准备斗争》题注将该篇及其后四篇列为毛泽东为新华社写的评论，评论对象为美国国务院白皮书和艾奇逊的信。
MX4-070	4	main_work	唯心历史观的破产	一九四九年九月十六日	32	1	source_records_with_open_verification_items	《丢掉幻想，准备斗争》题注将该篇及其后四篇列为毛泽东为新华社写的评论，评论对象为美国国务院白皮书和艾奇逊的信。
MX5-001	5	main_work	中国人民站起来了	一九四九年九月二十一日	7	0	full_corpus_retrieval_first_pass_only	基线与候选定位已登记；尚未形成逐条来源记载摘要。
MX5-002	5	main_work	中国人民大团结万岁	一九四九年九月三十日	17	1	source_records_with_open_verification_items	《中国人民大团结万岁》网页题注称，毛泽东受会议委托起草宣言，“在人民领袖毛泽东主席领导之下”一句由会议代表在通过时提议增加。
MX5-003	5	main_work	人民英雄们永垂不朽	一九四九年九月三十日	19	0	full_corpus_retrieval_first_pass_only	基线与候选定位已登记；尚未形成逐条来源记载摘要。
MX5-004	5	main_work	永远保持艰苦奋斗的作风	一九四九年十月二十六日	8	0	full_corpus_retrieval_first_pass_only	基线与候选定位已登记；尚未形成逐条来源记载摘要。
MX5-005	5	main_work	征询对待富农策略问题的意见	一九五○年三月十二日	7	0	full_corpus_retrieval_first_pass_only	基线与候选定位已登记；尚未形成逐条来源记载摘要。
MX5-006	5	main_work	为争取国家财政经济状况的基本好转而斗争	一九五○年六月六日	37	1	source_records_with_open_verification_items	《不要四面出击》网页题注称，该篇是讲话的一部分，对《为争取国家财政经济状况的基本好转而斗争》书面报告作了说明。
MX5-007	5	main_work	不要四面出击	一九五○年六月六日	30	1	source_records_with_open_verification_items	《不要四面出击》网页题注称，该篇是讲话的一部分，对《为争取国家财政经济状况的基本好转而斗争》书面报告作了说明。
MX5-008	5	main_work	做一个完全的革命派	一九五○年六月二十三日	8	0	full_corpus_retrieval_first_pass_only	基线与候选定位已登记；尚未形成逐条来源记载摘要。
MX5-009	5	main_work	你们是全民族的模范人物	一九五○年九月二十五日	7	0	full_corpus_retrieval_first_pass_only	基线与候选定位已登记；尚未形成逐条来源记载摘要。
MX5-010	5	main_work	给中国人民志愿军的命令	一九五○年十月八日	5	0	full_corpus_retrieval_first_pass_only	基线与候选定位已登记；尚未形成逐条来源记载摘要。
MX5-011	5	main_work	中国人民志愿军要爱护朝鲜的一山一水一草一木	一九五一年一月十九日	5	0	full_corpus_retrieval_first_pass_only	基线与候选定位已登记；尚未形成逐条来源记载摘要。
MX5-012	5	main_work	中共中央政治局扩大会议决议要点	一九五一年二月十八日	18	0	full_corpus_retrieval_first_pass_only	基线与候选定位已登记；尚未形成逐条来源记载摘要。
MX5-013	5	main_work	镇压反革命必须实行党的群众路线	一九五一年五月十五日	7	0	full_corpus_retrieval_first_pass_only	基线与候选定位已登记；尚未形成逐条来源记载摘要。
MX5-014	5	main_work	镇压反革命必须打得稳，打得准，打得狠	一九五O年十二月——一九五一年九月	5	0	full_corpus_retrieval_first_pass_only	基线与候选定位已登记；尚未形成逐条来源记载摘要。
MX5-015	5	main_work	应当重视电影《武训传》的讨论	一九五一年五月二十日	17	2	source_records_with_open_verification_items	《毛泽东年谱》1951年5月19日条记载，毛泽东修改胡乔木起草的《为什么重视〈武训传〉的讨论》，改为《应当重视电影〈武训传〉的讨论》，以《人民日报》社论发表；MIA所录第五卷《应当重视电影〈武训传〉的讨论》题注称，该篇是社论的节录。
MX5-016	5	main_work	三大运动的伟大胜利	一九五一年十月二十三日	8	0	full_corpus_retrieval_first_pass_only	基线与候选定位已登记；尚未形成逐条来源记载摘要。
MX5-017	5	main_work	关于“三反”、“五反”的斗争	一九五一年十一月——一九五二年三月	5	0	full_corpus_retrieval_first_pass_only	基线与候选定位已登记；尚未形成逐条来源记载摘要。
MX5-018	5	main_work	把农业互助合作当作一件大事去做	一九五一年十二月十五日	5	1	source_records_with_open_verification_items	MIA所录第五卷《把农业互助合作当作一件大事去做》的网页题注包含有关刘少奇和农业互助合作政策的编者说明；本记录的引用位置为网页题注。
MX5-019	5	main_work	元旦祝词	一九五二年一月一日	9	0	full_corpus_retrieval_first_pass_only	基线与候选定位已登记；尚未形成逐条来源记载摘要。
MX5-020	5	main_work	中共中央关于西藏工作方针的指示	一九五二年四月六日	5	0	full_corpus_retrieval_first_pass_only	基线与候选定位已登记；尚未形成逐条来源记载摘要。
MX5-021	5	main_work	工人阶级与资产阶级的矛盾是国内的主要矛盾	一九五二年六月六日	5	0	full_corpus_retrieval_first_pass_only	基线与候选定位已登记；尚未形成逐条来源记载摘要。
MX5-022	5	main_work	团结起来，划清敌我界限	一九五二年八月四日）：团结起来，划清敌我界限	8	0	full_corpus_retrieval_first_pass_only	基线与候选定位已登记；尚未形成逐条来源记载摘要。
MX5-023	5	main_work	祝贺中国人民志愿军的重大胜利	一九五二年十月二十四日	12	0	full_corpus_retrieval_first_pass_only	基线与候选定位已登记；尚未形成逐条来源记载摘要。
MX5-024	5	main_work	反对官僚主义、命令主义和违法乱纪	一九五三年一月五日	11	0	full_corpus_retrieval_first_pass_only	基线与候选定位已登记；尚未形成逐条来源记载摘要。
MX5-025	5	main_work	批判大汉族主义	一九五三年三月十六日	14	0	full_corpus_retrieval_first_pass_only	基线与候选定位已登记；尚未形成逐条来源记载摘要。
MX5-026	5	main_work	解决“五多”问题	一九五三年三月十九日	7	0	full_corpus_retrieval_first_pass_only	基线与候选定位已登记；尚未形成逐条来源记载摘要。
MX5-027	5	main_work	对刘少奇、杨尚昆破坏纪律擅自以中央名义发出文件的批评	一九五三年五月十九日	5	0	full_corpus_retrieval_first_pass_only	基线与候选定位已登记；尚未形成逐条来源记载摘要。
MX5-028	5	main_work	批判离开总路线的右倾观点	一九五三年六月十五日	5	0	full_corpus_retrieval_first_pass_only	基线与候选定位已登记；尚未形成逐条来源记载摘要。
MX5-029	5	main_work	青年团的工作要照顾青年的特点	一九五三年六月三十日	18	0	full_corpus_retrieval_first_pass_only	基线与候选定位已登记；尚未形成逐条来源记载摘要。
MX5-030	5	main_work	关于国家资本主义	一九五三年七月九日	15	0	full_corpus_retrieval_first_pass_only	基线与候选定位已登记；尚未形成逐条来源记载摘要。
MX5-031	5	main_work	党在过渡时期的总路线	一九五三年八月	52	0	full_corpus_retrieval_first_pass_only	基线与候选定位已登记；尚未形成逐条来源记载摘要。
MX5-032	5	main_work	反对党内的资产阶级思想	一九五三年八月十二日	6	0	full_corpus_retrieval_first_pass_only	基线与候选定位已登记；尚未形成逐条来源记载摘要。
MX5-033	5	main_work	改造资本主义工商业的必经之路	一九五三年九月七日	16	0	full_corpus_retrieval_first_pass_only	基线与候选定位已登记；尚未形成逐条来源记载摘要。
MX5-034	5	main_work	抗美援朝的伟大胜利和今后的任务	一九五三年九月十二日	6	0	full_corpus_retrieval_first_pass_only	基线与候选定位已登记；尚未形成逐条来源记载摘要。
MX5-035	5	main_work	批判梁漱溟的反动思想	一九五三年九月十六日——十八日	5	0	full_corpus_retrieval_first_pass_only	基线与候选定位已登记；尚未形成逐条来源记载摘要。
MX5-036	5	main_work	关于农业互助合作的两次谈话	一九五三年十月十五日、十一月四日	15	0	full_corpus_retrieval_first_pass_only	基线与候选定位已登记；尚未形成逐条来源记载摘要。
MX5-037	5	main_work	关于中华人民共和国宪法草案	一九五四年六月十四日	31	0	full_corpus_retrieval_first_pass_only	基线与候选定位已登记；尚未形成逐条来源记载摘要。
MX5-038	5	main_work	为建设一个伟大的社会主义国家而奋斗	一九五四年九月十五日	26	0	full_corpus_retrieval_first_pass_only	基线与候选定位已登记；尚未形成逐条来源记载摘要。
MX5-039	5	main_work	关于《红楼梦》研究问题的信	一九五四年十月十六日	9	0	full_corpus_retrieval_first_pass_only	基线与候选定位已登记；尚未形成逐条来源记载摘要。
MX5-040	5	main_work	原子弹吓不倒中国人民	一九五五年一月二十八日	5	0	full_corpus_retrieval_first_pass_only	基线与候选定位已登记；尚未形成逐条来源记载摘要。
MX5-041	5	main_work	在中国共产党全国代表会议上的讲话	一九五五年三月	37	0	full_corpus_retrieval_first_pass_only	基线与候选定位已登记；尚未形成逐条来源记载摘要。
MX5-042	5	main_work	驳“舆论一律”	一九五五年五月二十四日	5	0	full_corpus_retrieval_first_pass_only	基线与候选定位已登记；尚未形成逐条来源记载摘要。
MX5-043	5	main_work	《关于胡风反革命集团的材料》的序言和按语	一九五五年五月、六月	5	0	full_corpus_retrieval_first_pass_only	基线与候选定位已登记；尚未形成逐条来源记载摘要。
MX5-044	5	main_work	关于农业合作化问题	一九五五年七月三十一日	117	2	source_records_with_open_verification_items	《毛泽东年谱》1955年10月13日条转录征求《关于农业合作化问题》第三次修正稿意见的信，信中列出合并章节、增加解释工农联盟的一节、替换适用地区表述、删例，以及补入注重质量、停顿间歇和及时批评等修改；《毛泽东年谱》1955年10月14日讲话记录载，作者称农业合作化报告经过六次修改；10月13日条所转录信件使用“第三次修正稿”的表述。
MX5-045	5	main_work	农业合作化必须依靠党团员和贫农下中农	一九五五年九月七日	5	0	full_corpus_retrieval_first_pass_only	基线与候选定位已登记；尚未形成逐条来源记载摘要。
MX5-046	5	main_work	农业合作化的一场辩论和当前的阶级斗争	一九五五年十月十一日	6	0	full_corpus_retrieval_first_pass_only	基线与候选定位已登记；尚未形成逐条来源记载摘要。
MX5-047	5	main_work	《中国农村的社会主义高潮》的序言	一九五五年九月、十二月	8	0	full_corpus_retrieval_first_pass_only	基线与候选定位已登记；尚未形成逐条来源记载摘要。
MX5-048	5	main_work	《中国农村的社会主义高潮》的按语	一九五五年九月、十二月	6	1	source_records_with_open_verification_items	《〈中国农村的社会主义高潮〉的按语》网页题注称，作者写过104篇按语，本卷选辑43篇；题注另述1958年部分按语重印的情况。
MX5-049	5	main_work	征询对农业十七条的意见	一九五五年十二月二十一日	12	0	full_corpus_retrieval_first_pass_only	基线与候选定位已登记；尚未形成逐条来源记载摘要。
MX5-050	5	main_work	加快手工业的社会主义改造	一九五六年三月四日	8	0	full_corpus_retrieval_first_pass_only	基线与候选定位已登记；尚未形成逐条来源记载摘要。
MX5-051	5	main_work	论十大关系	一九五六年四月二十五日	80	2	source_records_with_open_verification_items	《毛泽东年谱》1965年12月条载，《论十大关系》拟发县团以上学习；18日批示称不大满意，发下去征求意见，以助将来修改；《毛泽东年谱》1975年7月13日条载，在审阅《论十大关系》整理稿和公开发表请示时，批示暂不公开，可印发全党讨论，不登报，将来出选集时再公开。
MX5-052	5	main_work	美帝国主义是纸老虎	一九五六年七月十四日	13	0	full_corpus_retrieval_first_pass_only	基线与候选定位已登记；尚未形成逐条来源记载摘要。
MX5-053	5	main_work	增强党的团结，继承党的传统	一九五六年八月三十日	26	0	full_corpus_retrieval_first_pass_only	基线与候选定位已登记；尚未形成逐条来源记载摘要。
MX5-054	5	main_work	我们党的—些历史经验	一九五六年九月二十五日	17	0	full_corpus_retrieval_first_pass_only	基线与候选定位已登记；尚未形成逐条来源记载摘要。
MX5-055	5	main_work	纪念孙中山先生	一九五六年十一月十二日	16	0	full_corpus_retrieval_first_pass_only	基线与候选定位已登记；尚未形成逐条来源记载摘要。
MX5-056	5	main_work	在中国共产党第八届中央委员会第二次全体会议上的讲话	一九五六年十一月十五日	24	0	full_corpus_retrieval_first_pass_only	基线与候选定位已登记；尚未形成逐条来源记载摘要。
MX5-057	5	main_work	在省市自治区党委书记会议上的讲话	一九五七年一月	41	0	full_corpus_retrieval_first_pass_only	基线与候选定位已登记；尚未形成逐条来源记载摘要。
MX5-058	5	main_work	关于正确处理人民内部矛盾的问题	一九五七年二月二十七日	138	2	source_records_with_open_verification_items	《关于正确处理人民内部矛盾的问题》网页题注称，该文根据讲话原始记录整理并作补充，于1957年6月19日发表；《毛泽东年谱》1966年文艺座谈会纪要修订条，记述纪要中引用四篇著作及相关措辞的修改；该条所列被修改文件为纪要。
MX5-059	5	main_work	在中国共产党全国宣传工作会议上的讲话	一九五七年三月十二日	68	2	source_records_with_open_verification_items	《毛泽东年谱》1964年3月14日条载，1957年全国宣传工作会议讲话整理稿交康生、陈伯达审阅并提修改意见，拟收入新简选本；编者注称，1964年6月收入《毛泽东著作选读》甲种本；《毛泽东年谱》1966年文艺座谈会纪要修订条，记述纪要中引用四篇著作及相关措辞的修改；该条所列被修改文件为纪要。
MX5-060	5	main_work	坚持艰苦奋斗，密切联系群众	一九五七年三月	16	1	source_records_with_open_verification_items	《坚持艰苦奋斗，密切联系群众》网页题注称，该篇分别取自1957年3月18日济南讲话和3月19日南京讲话的一部分。
MX5-061	5	main_work	事情正在起变化	一九五七年五月十五日	21	0	full_corpus_retrieval_first_pass_only	基线与候选定位已登记；尚未形成逐条来源记载摘要。
MX5-062	5	main_work	中国共产党是全中国人民的领导核心	一九五七年五月二十五日	15	0	full_corpus_retrieval_first_pass_only	基线与候选定位已登记；尚未形成逐条来源记载摘要。
MX5-063	5	main_work	组织力量反击右派分子的猖狂进攻	一九五七年六月八日	7	0	full_corpus_retrieval_first_pass_only	基线与候选定位已登记；尚未形成逐条来源记载摘要。
MX5-064	5	main_work	文汇报的资产阶级方向应当批判	一九五七年七月一日	12	0	full_corpus_retrieval_first_pass_only	基线与候选定位已登记；尚未形成逐条来源记载摘要。
MX5-065	5	main_work	打退资产阶级右派的进攻	一九五七年七月九日	5	0	full_corpus_retrieval_first_pass_only	基线与候选定位已登记；尚未形成逐条来源记载摘要。
MX5-066	5	main_work	一九五七年夏季的形势	一九五七年七月	30	2	source_records_with_open_verification_items	《毛泽东年谱》1957年7月19日至30日条载，《一九五七年夏季的形势》19日形成草稿和第一次修改稿，20日第二和第三次，25日第四次，26至27日第五至第八次，29日第九次，30日第十次；《毛泽东年谱》所载《一九五七年夏季的形势》稿上说明及批示中，第三次稿拟发至地委一级，第四次稿拟发至县委及相当一级；第十次稿标称最后定稿，同时注明须交政治局批准，如有修改须告知。
MX5-067	5	main_work	做革命的促进派	一九五七年十月九日	5	0	full_corpus_retrieval_first_pass_only	基线与候选定位已登记；尚未形成逐条来源记载摘要。
MX5-068	5	main_work	坚定地相信群众的大多数	一九五七年十月十三日	6	0	full_corpus_retrieval_first_pass_only	基线与候选定位已登记；尚未形成逐条来源记载摘要。
MX5-069	5	main_work	党内团结的辩证方法	一九五七年十一月十八日	5	1	source_records_with_open_verification_items	《党内团结的辩证方法》和《一切反动派都是纸老虎》的网页题注均称，各篇为莫斯科共产党和工人党代表会议发言的节录。
MX5-070	5	main_work	一切反动派都是纸老虎	一九五七年十一月十八日	34	1	source_records_with_open_verification_items	《党内团结的辩证方法》和《一切反动派都是纸老虎》的网页题注均称，各篇为莫斯科共产党和工人党代表会议发言的节录。
